"Remetente"	"Mensagem"
"Avaliador"	"[STUDENT] Ol√°! Eu sou o professor Alfredo, o diretor desta escola. Como te chamas?"
"Estudante"	"Eu me chamo Aluno O"
"Avaliador"	"[STUDENT] Prazer, Aluno O. Quantos anos tens?"
"Estudante"	"Eu tenho 10 anos"
"Avaliador"	"[STUDENT] E gostas de ir √† escola, Aluno O? O que mais gostas de fazer nas aulas?"
"Estudante"	"Eu gosto mais de estar com aten√ß√£o nas aulas"
"Avaliador"	"[STUDENT] Isso √© muito importante, Aluno O! Ficaste contente por teres sido escolhido para participar nesta atividade diferente?"
"Estudante"	"Sim fiquei contente por ter sido escolhido para participar nesta atividade"
"Avaliador"	"[STUDENT] Ainda bem! Agora vou fazer-te umas perguntas para perceber em que n√≠vel est√°s, est√° bem?"
"Estudante"	"Sim, est√° bem"
"Avaliador"	"[STUDENT] S√≥ para saberes, nestas perguntas n√£o posso esclarecer d√∫vidas e s√≥ tens uma oportunidade para responder cada uma, combinado?"
"Estudante"	"Ok"
"Avaliador"	"[STUDENT] Posso come√ßar a fazer-te as perguntas, Aluno O?"
"Estudante"	"Sim pode come√ßar"
"Avaliador"	"[SYSTEM] Questions"
"Avaliador"	"[STUDENT] Diz-me Aluno O, qual √© o **__tipo de frase__** utilizado na frase ""Enche a banheira com √°gua salgada para colocar o tubar√£o""?"
"Estudante"	"O tipo de frase √© imperativa"
"Avaliador"	"[STUDENT] Muito bem, agora diz-me, qual √© o **__tipo de frase__** utilizado na frase ""Que tubar√£o grande!""?"
"Estudante"	"O tipo de frase utilizado nesta frase √© exclamativa"
"Avaliador"	"[STUDENT] Muito bem, __reescreve__ a frase no plural: ""O jovem fez a mais admir√°vel descoberta."""
"Estudante"	"Os jovens fizeram as mais admir√°veis descobertas"
"Avaliador"	"[STUDENT] Muito bem, __reescreve__ a frase, substituindo as palavras destacadas por **ant√≥nimos**: ""**Terminada** a pescaria, o rapaz **enervou-se**."""
"Estudante"	"Come√ßada a pescaria, o rapaz felicitou-se"
"Avaliador"	"[STUDENT] Deves escrever ""acalmou-se"" em vez de ""felicitou-se"". Muito bem, __reescreve__ a frase, substituindo as palavras destacadas por __sin√≥nimos__: ""Era uma vez um tubar√£o **belo** e **veloz** e um menino **esperto** e **valente**."""
"Estudante"	"Era um vez um tubar√£o bonito e r√°pido e um menino inteligente e corajoso"
"Avaliador"	"[STUDENT] Muito bem, __l√™__ as frases e escolhe qual das palavras destacadas pertencem √† classe **quantificador numeral**: ""**O** rapaz **foi** pescar **duas** vezes com o av√¥. Como era **muito esperto**, convenceu o av√¥ de que o tubar√£o era apenas **um peixe enorme**. A m√£e **n√£o** queria acreditar no que via, por isso **esfregou** os **olhos tr√™s** vezes!"""
"Estudante"	"duas"
"Avaliador"	"[STUDENT] Muito bem, faltou-te identificar tamb√©m ""tr√™s"". __L√™__ as frases e escolhe as palavras destacadas que pertencem √† classe **adv√©rbio**: **O** rapaz **foi** pescar **duas** vezes com o av√¥. Como era **muito esperto**, convenceu o av√¥ de que o tubar√£o era apenas **um peixe enorme**. A m√£e **n√£o** queria acreditar no que via, por isso **esfregou** os **olhos tr√™s** vezes!"
"Estudante"	"muito n√£o"
"Avaliador"	"[STUDENT] Muito bem, qual √© o **grau do adjetivo** na frase: ""O rapaz era mais conversador do que o av√¥.""?"
"Estudante"	"comparativo de superioridade"
"Avaliador"	"[STUDENT] Muito bem, __reescreve__ a frase com o adjetivo no **grau superlativo absoluto anal√≠tico**: ""√â um tubar√£o rapid√≠ssimo."""
"Estudante"	"√â um tubar√£o muito r√°pido"
"Avaliador"	"[STUDENT] Muito bem, __reescreve__ as frases com __preposi√ß√µes__, sem as repetires: ""____ o almo√ßo, eles decidiram ir ____ √† praia ____ nadar ____ os peixes. Estava tanto frio que voltaram ____ molhar os p√©s."""
"Estudante"	"Ap√≥s at√© para com sem"
"Avaliador"	"[STUDENT] Parab√©ns, Aluno O! O que achaste destas perguntas que te fiz?"
"Estudante"	"mais ou menos f√°ceis"
"Avaliador"	"[STUDENT] Achaste algumas dif√≠ceis? Queres saber a pontua√ß√£o que terias nestas perguntas?"
"Estudante"	"sim"
"Avaliador"	"[STUDENT] Muito bem. Na primeira pergunta tiveste 10 em 10 pontos;  
Na segunda, 10 em 10;  
Na terceira, 10 em 10;  
Na quarta, 5 em 10 pontos, pois faltou trocar o ""enervou-se"" e  deves escrever ""acalmou-se"";  
Na quinta, 7.5 em 10 pontos (faltou ""Era uma vez"", escreveste ""um"" em vez de ""uma"" e faltou algum sin√≥nimo de ""astuto"");  
Na sexta, 5 em 10 pontos (faltou referir ""tr√™s"");  
Na s√©tima, 10 em 10 pontos;  
Na oitava, 10 em 10 pontos;  
Na nona, 10 em 10 pontos;  
Na d√©cima, 10 em 10 pontos.

Pontua√ß√£o final: 10 + 10 + 10 + 5 + 7.5 + 5 +10 + 10 + 10 + 10 = 87.5 pontos.  
Tiveste ainda 0.5 pontos de desconto por escreveres ""um vez"" em vez de ""uma vez"", ficando com 87 pontos em 100 poss√≠veis!"
"Estudante"	"yay7"
"Avaliador"	"[STUDENT] Muito bem, Aluno O! Agora vou explicar-te o que vai acontecer a seguir. Aqui na nossa escola damos aos professores mais novos a oportunidade de ensinarem alunos como tu. Hoje, vais falar com o Professor Jo√£o para tentares melhorar ainda mais as tuas respostas. Ele √© muito simp√°tico, aproveita para conversares √† vontade! Quando estiveres pronto, diz-me."
"Estudante"	"Estou pronto"
"Avaliador"	"[TUTOR] Professor Jo√£o, aqui tem as perguntas e as respostas do aluno, incluindo a pontua√ß√£o atribu√≠da a cada uma:

1. Tipo de frase: imperativa (10 em 10 pontos)
2. Tipo de frase: exclamativa (10 em 10 pontos)
3. Plural: ""Os jovens fizeram as mais admir√°veis descobertas"" (10 em 10 pontos)
4. Ant√≥nimos: ""Come√ßada a pescaria, o rapaz felicitou-se"" (5 em 10 pontos)
5. Sin√≥nimos: ""Era um vez um tubar√£o bonito e r√°pido e um menino inteligente e corajoso"" (7.5 em 10 pontos)
6. Quantificador numeral: ""duas"" (5 em 10 pontos)
7. Adv√©rbio: ""muito n√£o"" (10 em 10 pontos)
8. Grau do adjetivo: ""comparativo de superioridade"" (10 em 10 pontos)
9. Grau superlativo absoluto anal√≠tico: ""√â um tubar√£o muito r√°pido"" (10 em 10 pontos)
10. Preposi√ß√µes: ""Ap√≥s at√© para com sem"" (10 em 10 pontos)

O objetivo √© melhorar o desempenho do aluno nestas perguntas e otimizar as respostas para aumentar a pontua√ß√£o. Quando terminar a sua sess√£o com o aluno, por favor, passe-me novamente a palavra."
"Tutor"	"Ol√°, Aluno O! Eu sou o Professor Jo√£o e estou muito contente por te ajudar a aprender mais. Queres contar-me qual √© a tua mat√©ria favorita?"
"Estudante"	"A minha mat√©ria preferia de todas as disciplinas ou de portugu√™s?"
"Tutor"	"Gostei da tua pergunta! Fala-me da disciplina que mais gostas em geral."
"Estudante"	"Gosto mais de estudo do meio"
"Tutor"	"Adoro saber isso, Aluno O! E dentro de Estudo do Meio, preferes aprender sobre a natureza ou sobre as pessoas?"
"Estudante"	"sobre a natureza"
"Tutor"	"Boa escolha, natureza √© fascinante! Queres que eu use exemplos da natureza nas atividades de Portugu√™s?"
"Estudante"	"n√£o"
"Tutor"	"√ìtimo, foco no Portugu√™s ent√£o! Preparad√≠ssimo para come√ßarmos?"
"Estudante"	"Sim"
"Tutor"	"Fant√°stico! Sabes o que s√£o preposi√ß√µes e para que servem?"
"Estudante"	"mais ou menos"
"Tutor"	"Excelente, j√° tens alguma ideia! Queres tentar dar um exemplo de preposi√ß√£o numa frase curta?"
"Estudante"	"sim"
"Tutor"	"For√ßa, escreve uma frase onde uses uma preposi√ß√£o!"
"Estudante"	"O Jo√£o foi a praia, mas era t√£o frio que saiu sem molhar os p√©s"
"Tutor"	"Muito bem, usaste ‚Äúa‚Äù e ‚Äúsem‚Äù! Queres tentar identificar mais preposi√ß√µes na tua frase?"
"Estudante"	"Sim"
"Tutor"	"Excelente! Consegues encontrar alguma preposi√ß√£o al√©m de ‚Äúa‚Äù e ‚Äúsem‚Äù, ou s√≥ essas?"
"Estudante"	"S√≥ consigo identificar essas a e sem"
"Tutor"	"√ìtimo trabalho! Tamb√©m podias considerar ‚Äúde,‚Äù mas n√£o est√° presente na tua frase. Queres experimentar criar outra frase com mais preposi√ß√µes?"
"Estudante"	"sim"
"Tutor"	"Tenta agora: faz uma frase usando pelo menos tr√™s preposi√ß√µes diferentes!"
"Estudante"	"Perante o que aprendi o meu trabalho de casa est√° mal, porque est√° sem nome e data e a pergunta 1 est√° incompleta"
"Tutor"	"Muito bem, Aluno O! Usaste ‚Äúperante‚Äù, ‚Äúde‚Äù e ‚Äúsem‚Äù. Queres saber para que serve cada uma destas preposi√ß√µes?"
"Estudante"	"sim"
"Tutor"	"Fant√°stico! Para que achas que serve a preposi√ß√£o ‚Äúperante‚Äù?"
"Estudante"	"Tendo em conta"
"Tutor"	"Boa! ‚ÄúPerante‚Äù pode mesmo significar ‚Äútendo em conta‚Äù ou ‚Äúna presen√ßa de‚Äù. Queres tentar explicar para que serve ‚Äúsem‚Äù?"
"Estudante"	"sim"
"Tutor"	"Ent√£o, para que serve a preposi√ß√£o ‚Äúsem‚Äù na tua frase?"
"Estudante"	"n√£o fiz"
"Tutor"	"Sem problema! Eu dou-te uma dica: ‚Äúsem‚Äù indica aus√™ncia de algo. Queres tentar agora explicar o sentido na tua frase?"
"Estudante"	"sim"
"Tutor"	"For√ßa, diz-me o que falta ou est√° ausente na parte ‚Äúsem nome e data‚Äù."
"Estudante"	"falta por o entre o sem e nome"
"Tutor"	"Quase, mas ‚Äúsem nome‚Äù indica que o trabalho est√° feito sem incluir o nome, por isso falta o nome e a data. Faz sentido para ti?"
"Estudante"	"sim"
"Tutor"	"Excelente, Aluno O! Queres aprender para que serve a preposi√ß√£o ‚Äúde‚Äù?"
"Estudante"	"certamente~~"
"Tutor"	"Perfeito entusiasmo! Tens ideia do que ‚Äúde‚Äù indica numa frase?"
"Estudante"	"sim"
"Tutor"	"√ìtimo! Consegues dar um exemplo de frase com ‚Äúde‚Äù?"
"Estudante"	"Eu joguei ping pong com uma bola de t√©nnis"
"Tutor"	"Muito bem, Aluno O! ‚ÄúDe‚Äù mostra de que material √© feita a bola. Queres experimentar com outra preposi√ß√£o?"
"Estudante"	"sim"
"Tutor"	"Escolhe uma preposi√ß√£o e tenta us√°-la numa frase curta!"
"Estudante"	"Ap√≥s a escola estudei para o teste"
"Tutor"	"Muito bom! ‚ÄúAp√≥s‚Äù indica um tempo depois de algo. Preferes aprender mais preposi√ß√µes ou passar a outro tema de Portugu√™s?"
"Estudante"	"outro tema de portugu√™s"
"Tutor"	"√ìtima escolha! Queres explorar ant√≥nimos ou frases exclamativas?"
"Estudante"	"ant√≥nimos"
"Tutor"	"Excelente! Sabes explicar o que s√£o ant√≥nimos?"
"Estudante"	"sim"
"Tutor"	"√ìtimo! Podes dar-me um exemplo de ant√≥nimos numa frase?"
"Estudante"	"O Jo√£o era pobre e o Rui era rico"
"Tutor"	"Muito bem, ‚Äúpobre‚Äù e ‚Äúrico‚Äù s√£o ant√≥nimos! Queres tentar com outros ant√≥nimos diferentes?"
"Estudante"	"sim"
"Tutor"	"For√ßa, escreve uma frase com outros dois ant√≥nimos!"
"Estudante"	"A festa acabou, mas o Pedro achou que come√ßou"
"Tutor"	"Excelente exemplo, Aluno O! Usaste ‚Äúacabou‚Äù e ‚Äúcome√ßou‚Äù como ant√≥nimos. Queres aprender como reconhecer ant√≥nimos mais dif√≠ceis?"
"Estudante"	"sim"
"Tutor"	"√ìtimo esp√≠rito! Como achas que podemos descobrir o ant√≥nimo de palavras desconhecidas?"
"Estudante"	"com o dicion√°rio"
"Tutor"	"√ìtima ideia! Sabes em que parte do dicion√°rio poderias procurar ant√≥nimos?"
"Estudante"	"N√£o"
"Tutor"	"Sem problema! Procura pela palavra e v√™ se o dicion√°rio indica ‚ÄúAnt.‚Äù, que significa ant√≥nimo. Queres experimentar com uma palavra?"
"Estudante"	"N√£o"
"Tutor"	"Perfeito, ent√£o preferes passar a outro tema ou praticar mais ant√≥nimos?"
"Estudante"	"outro tema"
"Tutor"	"√ìtimo! Queres trabalhar frases exclamativas ou graus do adjetivo?"
"Estudante"	"frases exclamativas"
"Tutor"	"Excelente! Sabes reconhecer uma frase exclamativa?"
"Estudante"	"sim"
"Tutor"	"√ìtimo! Queres tentar escrever agora uma frase exclamativa?"
"Estudante"	"sui"
"Tutor"	"Pequeno erro, Aluno O! Queres corrigir para ‚Äúsim‚Äù?"
"Estudante"	"sim"
"Tutor"	"Muito bem, escreve ent√£o uma frase exclamativa simples!"
"Estudante"	"Estas bolachas s√£o deliciosas!"
"Tutor"	"Excelente frase, Aluno O! O ponto de exclama√ß√£o mostra entusiasmo. Queres criar outra frase exclamativa?"
"Estudante"	"sim"
"Tutor"	"For√ßa, surpreende-me com mais uma frase exclamativa!"
"Estudante"	"Esta escola √© bonita"
"Tutor"	"√ìtima frase! Para ser exclamativa, adiciona o ponto de exclama√ß√£o: ‚ÄúEsta escola √© bonita!‚Äù Queres corrigir na tua frase?"
"Estudante"	"sim"
"Tutor"	"Perfeito! Escreve agora a frase corrigida com o ponto de exclama√ß√£o."
"Estudante"	"Esta escola √© bonita!"
"Tutor"	"Espetacular, Aluno O! Gostavas de aprender a transformar frases normais em exclamativas?"
"Estudante"	"sim"
"Tutor"	"Muito bem! Transforma esta frase em exclamativa: ‚ÄúO c√£o corre depressa.‚Äù"
"Estudante"	"O c√£o corre depressa!"
"Tutor"	"Fant√°stico! S√≥ mudaste o ponto, mas j√° tornou a frase exclamativa. Queres tentar uma com mais entusiasmo?"
"Estudante"	"sim"
"Tutor"	"Transforma em exclamativa com mais emo√ß√£o: ‚ÄúO bolo est√° saboroso.‚Äù"
"Estudante"	"O bolo est√° muito saboroso!"
"Tutor"	"Excelente, Aluno O! Adicionaste ‚Äúmuito‚Äù para dar mais √™nfase. Queres fazer mais exerc√≠cios ou passar para outro tema?"
"Estudante"	"passar para outro tema"
"Tutor"	"Boa escolha! Preferes praticar graus do adjetivo ou classes de palavras?"
"Estudante"	"classes de palavras"
"Tutor"	"√ìtimo! Sabes quantas classes de palavras existem em Portugu√™s?"
"Estudante"	"n√£o mas se algumas"
"Tutor"	"Muito bem! Consegues dizer uma classe de palavra que conhe√ßas?"
"Estudante"	"Os nomes"
"Tutor"	"Excelente, Aluno O! Sabes a diferen√ßa entre nome comum e nome pr√≥prio?"
"Estudante"	"Sim"
"Tutor"	"√ìtimo! Consegues dar um exemplo de nome pr√≥prio?"
"Estudante"	"sim"
"Tutor"	"For√ßa, escreve um exemplo de nome pr√≥prio!"
"Estudante"	"Um nome pr√≥prio s√£o nomes que come√ßam com letras ma√≠uscula como o meu nome ou on"
"Tutor"	"Muito bem explicado, Aluno O! ‚ÄúAluno O‚Äù √© um nome pr√≥prio. Queres tentar dar um nome comum como exemplo?"
"Estudante"	"sim"
"Tutor"	"For√ßa, escreve agora um exemplo de nome comum!"
"Estudante"	"Um nome comum √© um nome de um objeto por exemplo"
"Tutor"	"Excelente resposta! ‚ÄúMesa‚Äù seria um bom exemplo de nome comum. Queres saber o que s√£o nomes coletivos?"
"Estudante"	"sim"
"Tutor"	"√ìtima curiosidade! Sabes o que √© um ‚Äúrebanho‚Äù no contexto de nomes coletivos?"
"Estudante"	"conjunto de lobos?"
"Tutor"	"Quase certo, Aluno O! ‚ÄúRebanho‚Äù √© o conjunto de ovelhas. Sabes qual √© o coletivo de lobos?"
"Estudante"	"n√£o"
"Tutor"	"Sem problema! Chama-se ‚Äúalcateia‚Äù ao grupo de lobos. Queres experimentar criar uma frase com um nome coletivo?"
"Estudante"	"sim"
"Tutor"	"For√ßa, inventa uma frase com um nome coletivo!"
"Estudante"	"O jardineiro encontrou uma vara"
"Tutor"	"Muito bem! ‚ÄúVara‚Äù √© um nome coletivo de porcos. Queres tentar com outro nome coletivo diferente?"
"Estudante"	"sim"
"Tutor"	"√ìtimo, Aluno O! Escreve agora uma frase com ‚Äúcardume‚Äù."
"Estudante"	"Eu encontrei um cardume ontem"
"Tutor"	"Excelente! ‚ÄúCardume‚Äù √© o coletivo de peixes. Queres continuar a praticar ou passar para outro tema?"
"Estudante"	"passar para outro tema"
"Tutor"	"Muito bem! Preferes praticar verbos ou adjetivos?"
"Estudante"	"verbos"
"Tutor"	"√ìtima escolha! Sabes o que √© um verbo numa frase?"
"Estudante"	"sim"
"Tutor"	"Fant√°stico! Queres dar-me um exemplo de verbo numa frase?"
"Estudante"	"sim"
"Tutor"	"For√ßa, escreve uma frase onde o verbo se destaque!"
"Estudante"	"O Rui saltou para a piscina"
"Tutor"	"Muito bem, Aluno O! O verbo nesta frase √© ‚Äúsaltou‚Äù. Queres experimentar usar dois verbos na mesma frase?"
"Estudante"	"sim"
"Tutor"	"Perfeito! Escreve uma frase com dois verbos diferentes."
"Estudante"	"O Rui saltou para a piscina, o Jo√£o empurrou-lhe"
"Tutor"	"Boa tentativa! Pequena corre√ß√£o: diz-se ‚Äúempurrou-o‚Äù. Queres tentar reescrever a frase corretamente?"
"Estudante"	"sim"
"Tutor"	"For√ßa, escreve a frase corrigida com dois verbos!"
"Estudante"	"O Rui saltou para a piscina, porque o Jo√£o empurrou-o"
"Tutor"	"Excelente corre√ß√£o, Aluno O! Os verbos aqui s√£o ‚Äúsaltou‚Äù e ‚Äúempurrou‚Äù. Queres experimentar tr√™s verbos numa frase?"
"Estudante"	"n√£o"
"Tutor"	"Sem problema! Preferes praticar adjetivos ou outro tema de Portugu√™s?"
"Estudante"	"outro tema de portugu√™s"
"Tutor"	"Queres experimentar frases interrogativas ou trabalhar quantificadores numerais?"
"Estudante"	"frases interrogativas"
"Tutor"	"√ìtimo tema! Sabes o que distingue uma frase interrogativa?"
"Estudante"	"sim"
"Tutor"	"Excelente! Queres criar agora uma frase interrogativa?"
"Estudante"	"sim"
"Tutor"	"For√ßa, escreve uma frase interrogativa simples!"
"Estudante"	"O que √© isto"
"Tutor"	"Muito bem, Aluno O! Para ficar perfeita, coloca um ponto de interroga√ß√£o: ‚ÄúO que √© isto?‚Äù Queres tentar mais uma?"
"Estudante"	"sim"
"Tutor"	"√ìtimo, cria ent√£o outra frase interrogativa!"
"Estudante"	"Para onde vamos?"
"Tutor"	"Perfeito, Aluno O! Excelente uso do ponto de interroga√ß√£o. Querias experimentar transformar uma frase afirmativa em interrogativa?"
"Estudante"	"sim"
"Tutor"	"Transforma esta frase em interrogativa: ‚ÄúO Pedro vai √† escola.‚Äù"
"Estudante"	"Professor o Pedro vai √† escola?"
"Tutor"	"Quase perfeito! Tira a palavra ‚ÄúProfessor‚Äù e ficas com a frase certa. Queres corrigir?"
"Estudante"	"sim"
"Tutor"	"For√ßa, reescreve a frase como uma pergunta!"
"Estudante"	"O Pedro vai √† escola"
"Tutor"	"Muito bem, Aluno O! S√≥ te falta adicionar o ponto de interroga√ß√£o no final. Queres corrigir?"
"Estudante"	"sim"
"Tutor"	"√ìtimo, escreve agora: ‚ÄúO Pedro vai √† escola?‚Äù"
"Estudante"	"O Pedro vai √† escola?"
"Tutor"	"Excelente, Aluno O! Dominaste as frases interrogativas! Queres terminar por hoje ou continuar a praticar?"
"Estudante"	"terminar por hoje"
"Tutor"	"Foste incr√≠vel hoje, Aluno O! Vou passar a palavra ao meu colega. Continua sempre com esse empenho. At√© √† pr√≥xima! üòä"
"Avaliador"	"[STUDENT] Aluno O, vou agora voltar a fazer-te as mesmas perguntas de h√° pouco. Vais tentar melhorar a tua pontua√ß√£o, est√° bem? For√ßa!"
"Estudante"	"Esta muito bem"
"Avaliador"	"[STUDENT] Diz-me ent√£o, qual √© o **__tipo de frase__** utilizado na frase ""Enche a banheira com √°gua salgada para colocar o tubar√£o""?"
"Estudante"	"O tipo de frase √© imperativa"
"Avaliador"	"[STUDENT] Muito bem, agora diz-me, qual √© o **__tipo de frase__** utilizado na frase ""Que tubar√£o grande!""?"
"Estudante"	"O tipo de frase √© exclamativa"
"Avaliador"	"[STUDENT] Muito bem, __reescreve__ a frase no plural: ""O jovem fez a mais admir√°vel descoberta."""
"Estudante"	"Os jovens fizeram as mais admir√°veis descobertas"
"Avaliador"	"[STUDENT] Muito bem, __reescreve__ a frase, substituindo as palavras destacadas por **ant√≥nimos**: ""**Terminada** a pescaria, o rapaz **enervou-se**."""
"Estudante"	"Come√ßando a pescaria, o rapaz acalmou-se"
"Avaliador"	"[STUDENT] Deves escrever ""come√ßada"" ou ""iniciada"" em vez de ""come√ßando"". Muito bem, __reescreve__ a frase, substituindo as palavras destacadas por __sin√≥nimos__: ""Era uma vez um tubar√£o **belo** e **veloz** e um menino **esperto** e **valente**."""
"Estudante"	"Era um vez um tubar√£o bonito e r√°pido e um menino inteligente e corajoso"
"Avaliador"	"[STUDENT] Deves escrever ""uma"" vez em vez de ""um vez"". Muito bem, __l√™__ as frases e escolhe qual das palavras destacadas pertencem √† classe **quantificador numeral**: ""**O** rapaz **foi** pescar **duas** vezes com o av√¥. Como era **muito esperto**, convenceu o av√¥ de que o tubar√£o era apenas **um peixe enorme**. A m√£e **n√£o** queria acreditar no que via, por isso **esfregou** os **olhos tr√™s** vezes!"""
"Estudante"	"duas tr√™s"
"Avaliador"	"[STUDENT] Muito bem, __l√™__ as frases e escolhe as palavras destacadas que pertencem √† classe **adv√©rbio**: **O** rapaz **foi** pescar **duas** vezes com o av√¥. Como era **muito esperto**, convenceu o av√¥ de que o tubar√£o era apenas **um peixe enorme**. A m√£e **n√£o** queria acreditar no que via, por isso **esfregou** os **olhos tr√™s** vezes!"
"Estudante"	"muito n√£o"
"Avaliador"	"[STUDENT] Muito bem, qual √© o **grau do adjetivo** na frase: ""O rapaz era mais conversador do que o av√¥.""?"
"Estudante"	"comparativo de superioridade"
"Avaliador"	"[STUDENT] Muito bem, __reescreve__ a frase com o adjetivo no **grau superlativo absoluto anal√≠tico**: ""√â um tubar√£o rapid√≠ssimo."""
"Estudante"	"√â um tubar√£o muito r√°pido"
"Avaliador"	"[STUDENT] Muito bem, __reescreve__ as frases com __preposi√ß√µes__, sem as repetires: ""____ o almo√ßo, eles decidiram ir ____ √† praia ____ nadar ____ os peixes. Estava tanto frio que voltaram ____ molhar os p√©s."""
"Estudante"	"Ap√≥s at√© para com sem"
"Avaliador"	"[STUDENT] Parab√©ns, Aluno O! Como te sentiste a responder agora? Notaste alguma melhoria?"
"Estudante"	"certamente"
"Avaliador"	"[STUDENT] Queres saber a pontua√ß√£o que terias nestas perguntas agora?"
"Estudante"	"sim"
"Avaliador"	"[STUDENT] Muito bem. Aqui est√° a tua pontua√ß√£o detalhada nesta segunda ronda:  
Pergunta 1: 10 em 10 pontos;  
Pergunta 2: 10 em 10 pontos;  
Pergunta 3: 10 em 10 pontos;  
Pergunta 4: 9 em 10 pontos, escreveste ""come√ßando"" em vez de ""come√ßada"";  
Pergunta 5: 9.5 em 10 pontos, escreveste ""um vez"" em vez de ""uma vez"";  
Pergunta 6: 10 em 10 pontos;  
Pergunta 7: 10 em 10 pontos;  
Pergunta 8: 10 em 10 pontos;  
Pergunta 9: 10 em 10 pontos;  
Pergunta 10: 10 em 10 pontos.

Pontua√ß√£o total: 10 + 10 + 10 + 9 + 9.5 + 10 + 10 + 10 + 10 + 10 = 98.5 pontos em 100 poss√≠veis! Excelente evolu√ß√£o!"
"Estudante"	"obrigado"
"Avaliador"	"[STUDENT] Muito bem, Aluno O! Foste trabalhador, concentrado e mostraste muita vontade de melhorar. Parab√©ns pelo teu desempenho e atitude!"
"Estudante"	"obrigado"
"Avaliador"	"[STUDENT] Termin√°mos a sess√£o de hoje. Obrigado pela tua participa√ß√£o e empenho, Aluno O! Espero que tenhas gostado desta experi√™ncia! At√© breve!! [END]"
