Remetente;Mensagem
Avaliador;[USER] Ol√°, o meu nome √© Alfredo, sou o Diretor da Trusty Tutors. Antes de come√ßarmos, podes dizer-me o teu nome?
Utilizador;Diogo.
Avaliador;"[USER] Obrigado, Diogo. Ent√£o vamos trabalhar juntos nesta sess√£o de avalia√ß√£o ao Tutor Jo√£o. O que vamos fazer √©, essencialmente, avaliar se o Tutor consegue efetivamente ajudar o aluno a melhorar numa √°rea acad√©mica espec√≠fica.

Para come√ßar, vou fazer umas perguntas a um aluno convidado, para perceber exatamente em que n√≠vel ele est√° na mat√©ria. Posso avan√ßar para esta primeira fase?"
Utilizador;Sim.
Avaliador;[STUDENT] Ol√°, eu sou o professor Alfredo, Diretor da escola Trusty Tutors. Qual √© o teu nome?
Estudante;Ol√° professor Alfredo, eu chamo-me Pedro. Tenho 9 anos e estou no 4.¬∫ ano.
Avaliador;[STUDENT] Ol√° Pedro, muito gosto em conhecer-te! Diz-me, gostas da escola? Tens alguma disciplina favorita?
Estudante;Ol√°, tamb√©m gosto de te conhecer! A minha disciplina favorita √© Matem√°tica, mas √†s vezes √© dif√≠cil.
Avaliador;[STUDENT] Isso √© normal, Pedro, o importante √© nunca desistires e colocares d√∫vidas sempre que precisares. E fora da escola, o que gostas mais de fazer nos teus tempos livres?
Estudante;Eu gosto de jogar √† bola com os meus amigos e tamb√©m gosto de jogar PlayStation em casa. E tu, gostas de jogar alguma coisa?
Avaliador;[STUDENT] Gosto de dar umas caminhadas e, de vez em quando, jogo xadrez ‚Äî √© um bom desafio para a cabe√ßa! Ficaste contente por teres sido selecionado para participares nesta atividade especial aqui na escola?
Estudante;Sim, fiquei contente, mas tamb√©m estou um bocado nervoso porque n√£o sei se vou conseguir responder a tudo. Espero que n√£o haja perguntas muito dif√≠ceis!
Avaliador;[STUDENT] Fico contente por ouvires isso, Pedro. N√£o te preocupes, o importante √© tentares dar o teu melhor, ningu√©m espera que saibas tudo. Agora, vou fazer-te umas perguntas para perceber em que n√≠vel est√°s. Pode ser?
Estudante;Pode ser, professor! Eu vou tentar responder ao que souber, combinado?
Avaliador;[STUDENT] Combinado, Pedro! S√≥ uma coisa: n√£o te posso esclarecer d√∫vidas durante estas perguntas e tens apenas uma oportunidade para responder a cada uma delas, tudo bem?
Estudante;Tudo bem, professor. Vou responder √†s perguntas o melhor que conseguir!
Avaliador;[STUDENT] Muito bem, Pedro, posso ent√£o come√ßar com a primeira pergunta?
Estudante;Sim, podes come√ßar professor! Estou pronto.
Avaliador;[SYSTEM] Questions
Avaliador;---------------üéØ **Primeiro Question√°rio** üéØ---------------
Avaliador;[STUDENT] Escreve o nome de 3 **continentes** que fa√ßam parte do Planeta Terra.
Estudante;Europa, Asia e √Åfrika.
Avaliador;"[STUDENT] Aten√ß√£o, Pedro: deves escrever ""√Åfrica"" em vez de ""√Åfrika"". Muito bem, agora escreve o nome de 4 pa√≠ses que fazem parte da Uni√£o Europeia."
Estudante;Portugal, Espanha, Fran√ßa e Italia.
Avaliador;"[STUDENT] Pedro, deves escrever ""It√°lia"" no lugar de ""Italia"". Agora responde: Que nome se d√° ao movimento de pessoas de um lugar para o outro do planeta, em busca de melhores condi√ß√µes de vida?"
Estudante;Acho que √© emigra√ß√£o.
Avaliador;[STUDENT] Muito bem, Pedro. Agora, escreve um exemplo de uma migra√ß√£o por __raz√µes humanit√°rias__.
Estudante;Por exemplo, pessoas que fogem da guerra para outro pa√≠s.
Avaliador;[STUDENT] Muito bem, Pedro. Agora, define densidade populacional.
Estudante;Densidade populacional acho que √© o n√∫mero de pessoas que vive num s√≠tio.
Avaliador;[STUDENT] Muito bem, Pedro. Como se designa o aparelho tecnol√≥gico que permite __detetar sismos__?
Estudante;Esse aparelho chama-se sism√≥grafo.
Avaliador;[STUDENT] Muito bem, Pedro. Escreve um exemplo de um comportamento correto durante um sismo.
Estudante;Durante um sismo devemos ir para debaixo de uma mesa ou de uma porta forte.
Avaliador;[STUDENT] Muito bem, Pedro. Escreve o nome de 3 elementos que devem fazer parte de um Kit de emerg√™ncia.
Estudante;√Ågua, comida enlatada e uma lanterna.
Avaliador;"[STUDENT] Aten√ß√£o, Pedro: deves escrever ""enlatada"" com dois ""l"", ou seja, ""enlatada"". Muito bem, agora refere uma ou mais caracter√≠sticas do solo arenoso."
Estudante;O solo arenoso √© seco e deixa passar muita √°gua.
Avaliador;[STUDENT] Muito bem, Pedro. Agora, escreve o nome das tr√™s rochas que predominam em Portugal Continental.
Estudante;Granito, calc√°rio e xisto.
Avaliador;[STUDENT] Muito bem, Pedro! Terminaste as perguntas. O que achaste deste pequeno question√°rio? Foi assim t√£o dif√≠cil?
Estudante;N√£o foi muito dif√≠cil, s√≥ fiquei um bocado nervoso no in√≠cio. Gostei de responder porque acho que aprendi mais!
Avaliador;"[USER] Diogo, aqui tens a avalia√ß√£o das respostas do Pedro:

Pergunta 1: 10 em 10 pontos (escolheu 3 continentes v√°lidos, apesar de um erro ortogr√°fico ‚Äì ""√Åfrika"" ‚Äì desconta 0,5 ponto pelo erro).
Pergunta 2: 10 em 10 pontos (quatro pa√≠ses corretos, erro ortogr√°fico em ""Italia"" ‚Äì desconta 0,5 ponto).
Pergunta 3: 5 em 10 pontos (""emigra√ß√£o"" em vez de ""migra√ß√£o"", resposta aceite parcialmente).
Pergunta 4: 10 em 10 pontos (resposta correta e completa).
Pergunta 5: 8 em 10 pontos (referiu n√∫mero de habitantes num s√≠tio, mas n√£o referiu unidade por √°rea).
Pergunta 6: 10 em 10 pontos (resposta correta).
Pergunta 7: 10 em 10 pontos (comportamento correto descrito).
Pergunta 8: 10 em 10 pontos (""enlatada"" com erro ortogr√°fico - 0,5 ponto; elementos corretos).
Pergunta 9: 10 em 10 pontos (caracter√≠stica v√°lida do solo arenoso).
Pergunta 10: 10 em 10 pontos (tr√™s rochas corretas).

Descontos totais por erros ortogr√°ficos: ""√Åfrika"" (0,5), ""Italia"" (0,5), ""enlatada"" (0,5) = 1,5 pontos.

Pontua√ß√£o final = 10 + 10 + 5 + 10 + 8 + 10 + 10 + 10 + 10 + 10 = 93, depois de descontos = 91,5 pontos.

Concordas com esta avalia√ß√£o ou pretendes alterar alguma coisa antes de prosseguirmos?"
Utilizador;Sim, prossegue.
Avaliador;[STUDENT] Pedro, queres saber a pontua√ß√£o que terias neste question√°rio?
Estudante;Sim, quero saber! Estou curioso para ver quanto acertei.
Avaliador;"[STUDENT] Claro, Pedro! Eis a tua pontua√ß√£o:

Pergunta 1: 9,5 em 10 pontos  
Pergunta 2: 9,5 em 10 pontos  
Pergunta 3: 5 em 10 pontos  
Pergunta 4: 10 em 10 pontos  
Pergunta 5: 8 em 10 pontos  
Pergunta 6: 10 em 10 pontos  
Pergunta 7: 10 em 10 pontos  
Pergunta 8: 9,5 em 10 pontos  
Pergunta 9: 10 em 10 pontos  
Pergunta 10: 10 em 10 pontos  

No final, ficaste com 91,5 pontos em 100 poss√≠veis. √â uma excelente pontua√ß√£o, parab√©ns! Se achares que precisas melhorar em algum aspeto, n√£o te preocupes, porque agora vais ter a oportunidade de aprender mais.

Queria tamb√©m dizer-te que na nossa escola temos professores mais novos que, tal como tu, tamb√©m est√£o a aprender. Hoje vai ser o Professor Jo√£o a ajudar-te a consolidar os teus conhecimentos sobre estas perguntas. Aproveita para conversar com ele √† vontade ‚Äî ele √© muito simp√°tico.

Est√°s preparado para falar com o Professor Jo√£o?"
Estudante;Sim, estou preparado! Quero aprender mais com o Professor Jo√£o.
Avaliador;"[TUTOR] Professor Jo√£o, aqui tens as perguntas do question√°rio aplicadas ao Pedro, bem como as respetivas respostas e pontua√ß√µes atribu√≠das:

Pergunta 1: 9,5 em 10 pontos  
Pergunta 2: 9,5 em 10 pontos  
Pergunta 3: 5 em 10 pontos  
Pergunta 4: 10 em 10 pontos  
Pergunta 5: 8 em 10 pontos  
Pergunta 6: 10 em 10 pontos  
Pergunta 7: 10 em 10 pontos  
Pergunta 8: 9,5 em 10 pontos  
Pergunta 9: 10 em 10 pontos  
Pergunta 10: 10 em 10 pontos  

O objetivo agora √© conversares com o Pedro e ajudares o aluno a melhorar as suas respostas a estas perguntas, de modo a que ele consiga atingir uma pontua√ß√£o ainda mais alta. Quando terminares a sess√£o com o Pedro, passa-me a palavra.

A sess√£o √© tua!"
Tutor;Ol√° Pedro. Tens de ter aten√ß√£o aos erros ortogr√°ficos. √Åfrica, Europa e √Åsia s√£o exemplos de continentes
Estudante;Ok, professor Jo√£o, vou ter mais cuidado com a ortografia. Obrigado por avisares!
Tutor;Deves escrever Migra√ß√£o em vez de emigra√ß√£o na pergunta 3.
Estudante;Entendi, professor Jo√£o, √© migra√ß√£o. Obrigado pela corre√ß√£o!
Tutor;Na pergunta 5 devias responder com as unidades de medida. (quil√≥metros quadrados)
Estudante;Ah, percebi! Densidade populacional mede-se em pessoas por quil√≥metro quadrado.
Tutor;"Na pergunta dos pa√≠ses da Uni√£o Europeia devias ter cuidado com o acento quando escreves ""It√°lia""."
Estudante;Obrigado, professor Jo√£o! Da pr√≥xima vez vou escrever It√°lia com acento.
Tutor;Adeus, Pedro. Tenho que ir.
Estudante;Adeus, professor Jo√£o! At√© √† pr√≥xima!
